{
  "metrics": {
    "http_reqs": {
      "type": "counter",
      "contains": "default",
      "values": {
        "count": 2342105,
        "rate": 5533.361209734275
      }
    },
    "vus_max": {
      "values": {
        "value": 200,
        "min": 200,
        "max": 200
      },
      "type": "gauge",
      "contains": "default"
    },
    "http_req_sending": {
      "values": {
        "avg": 0.03119633694347618,
        "min": 0.004861,
        "med": 0.024475,
        "max": 770.619171,
        "p(90)": 0.040756,
        "p(95)": 0.055451,
        "p(99)": 0.10583095999999996
      },
      "type": "trend",
      "contains": "time"
    },
    "http_req_duration{status:200}": {
      "type": "trend",
      "contains": "time",
      "values": {
        "p(90)": 0,
        "p(95)": 0,
        "p(99)": 0,
        "avg": 0,
        "min": 0,
        "med": 0,
        "max": 0
      },
      "thresholds": {
        "p(99)<800": {
          "ok": true
        },
        "p(95)<300": {
          "ok": true
        }
      }
    },
    "iteration_duration": {
      "values": {
        "min": 0.524663,
        "med": 37.043028,
        "max": 342.313132,
        "p(90)": 50.15312780000001,
        "p(95)": 56.987937599999995,
        "p(99)": 74.40340171999999,
        "avg": 29.946775092901564
      },
      "type": "trend",
      "contains": "time"
    },
    "http_req_duration": {
      "type": "trend",
      "contains": "time",
      "values": {
        "avg": 30.26926575316179,
        "min": 0.302124,
        "med": 36.700594,
        "max": 850.74505,
        "p(90)": 49.807065400000006,
        "p(95)": 56.70711719999999,
        "p(99)": 75.05833659999998
      }
    },
    "http_req_connecting": {
      "type": "trend",
      "contains": "time",
      "values": {
        "p(90)": 0.2239176000000001,
        "p(95)": 0.27699819999999925,
        "p(99)": 0.5264625999999988,
        "avg": 0.1449080054194789,
        "min": 0.017915,
        "med": 0.120052,
        "max": 773.216415
      }
    },
    "iterations": {
      "type": "counter",
      "contains": "default",
      "values": {
        "count": 2342105,
        "rate": 5533.361209734275
      }
    },
    "http_req_tls_handshaking": {
      "type": "trend",
      "contains": "time",
      "values": {
        "avg": 0,
        "min": 0,
        "med": 0,
        "max": 0,
        "p(90)": 0,
        "p(95)": 0,
        "p(99)": 0
      }
    },
    "http_req_receiving": {
      "values": {
        "max": 766.136508,
        "p(90)": 0.1110066000000001,
        "p(95)": 0.143033,
        "p(99)": 0.26713395999999995,
        "avg": 0.08077377232660442,
        "min": 0.01272,
        "med": 0.06478
      },
      "type": "trend",
      "contains": "time"
    },
    "checks": {
      "type": "rate",
      "contains": "default",
      "values": {
        "rate": 0,
        "passes": 0,
        "fails": 4684210
      }
    },
    "http_req_waiting": {
      "type": "trend",
      "contains": "time",
      "values": {
        "p(90)": 49.68003560000001,
        "p(95)": 56.55708679999996,
        "p(99)": 74.84441079999999,
        "avg": 30.157295643893107,
        "min": 0.25778,
        "med": 36.600356,
        "max": 850.625994
      }
    },
    "http_req_failed": {
      "type": "rate",
      "contains": "default",
      "values": {
        "fails": 0,
        "rate": 1,
        "passes": 2342105
      },
      "thresholds": {
        "rate<0.01": {
          "ok": false
        }
      }
    },
    "vus": {
      "type": "gauge",
      "contains": "default",
      "values": {
        "min": 1,
        "max": 200,
        "value": 200
      }
    },
    "status_count": {
      "values": {
        "count": 2342105,
        "rate": 5533.361209734275
      },
      "type": "counter",
      "contains": "default"
    },
    "register_failed": {
      "type": "rate",
      "contains": "default",
      "values": {
        "rate": 1,
        "passes": 2342105,
        "fails": 0
      },
      "thresholds": {
        "rate<0.01": {
          "ok": false
        }
      }
    },
    "http_req_blocked": {
      "values": {
        "min": 0.033054,
        "med": 0.150225,
        "max": 773.243615,
        "p(90)": 0.2618846000000001,
        "p(95)": 0.3194277999999998,
        "p(99)": 0.5912473599999994,
        "avg": 0.17783616011238126
      },
      "type": "trend",
      "contains": "time"
    },
    "register_duration": {
      "type": "trend",
      "contains": "default",
      "values": {
        "avg": 30.26926575316179,
        "min": 0.302124,
        "med": 36.700594,
        "max": 850.74505,
        "p(90)": 49.807065400000006,
        "p(95)": 56.70711719999999,
        "p(99)": 75.05833659999998
      }
    },
    "data_received": {
      "type": "counter",
      "contains": "data",
      "values": {
        "rate": 1344618.256002092,
        "count": 569136375
      }
    },
    "data_sent": {
      "type": "counter",
      "contains": "data",
      "values": {
        "count": 494825373,
        "rate": 1169054.130600675
      }
    }
  },
  "root_group": {
    "groups": [],
    "checks": [
        {
          "id": "fad9fa412b86fcb03bee97c80dcd61f1",
          "passes": 0,
          "fails": 2342105,
          "name": "status 200",
          "path": "::status 200"
        },
        {
          "id": "a56c51bc8c4423d91b67072ea17e49f8",
          "passes": 0,
          "fails": 2342105,
          "name": "body VALID",
          "path": "::body VALID"
        }
      ],
    "name": "",
    "path": "",
    "id": "d41d8cd98f00b204e9800998ecf8427e"
  },
  "options": {
    "summaryTrendStats": [
      "avg",
      "min",
      "med",
      "max",
      "p(90)",
      "p(95)",
      "p(99)"
    ],
    "summaryTimeUnit": "",
    "noColor": false
  },
  "state": {
    "isStdErrTTY": true,
    "testRunDurationMs": 423269.855559,
    "isStdOutTTY": true
  }
}