{
  "root_group": {
    "checks": [
      {
        "name": "status 200",
        "path": "::status 200",
        "id": "fad9fa412b86fcb03bee97c80dcd61f1",
        "passes": 16726616,
        "fails": 6
      },
      {
        "name": "body VALID",
        "path": "::body VALID",
        "id": "a56c51bc8c4423d91b67072ea17e49f8",
        "passes": 500000,
        "fails": 16226622
      }
    ],
    "name": "",
    "path": "",
    "id": "d41d8cd98f00b204e9800998ecf8427e",
    "groups": []
  },
  "options": {
    "summaryTrendStats": [
      "avg",
      "min",
      "med",
      "max",
      "p(90)",
      "p(95)",
      "p(99)"
    ],
    "summaryTimeUnit": "",
    "noColor": false
  },
  "state": {
    "isStdOutTTY": true,
    "isStdErrTTY": true,
    "testRunDurationMs": 855888.215424
  },
  "metrics": {
    "iteration_duration": {
      "type": "trend",
      "contains": "time",
      "values": {
        "p(90)": 13.762832800000002,
        "p(95)": 16.915615499999994,
        "p(99)": 31.164219699999972,
        "avg": 8.584855985879932,
        "min": 0.323018,
        "med": 7.513958,
        "max": 944.022905
      }
    },
    "http_req_connecting": {
      "type": "trend",
      "contains": "time",
      "values": {
        "avg": 0.006779572108283346,
        "min": 0,
        "med": 0,
        "max": 658.469705,
        "p(90)": 0,
        "p(95)": 0,
        "p(99)": 0.05376047999998927
      }
    },
    "http_req_sending": {
      "type": "trend",
      "contains": "time",
      "values": {
        "p(99)": 0.09899578999999911,
        "avg": 0.02443225135661334,
        "min": 0.001954,
        "med": 0.01059,
        "max": 741.631454,
        "p(90)": 0.015332,
        "p(95)": 0.019816
      }
    },
    "http_req_waiting": {
      "type": "trend",
      "contains": "time",
      "values": {
        "avg": 8.061834153025712,
        "min": 0.206997,
        "med": 7.082447,
        "max": 850.770856,
        "p(90)": 12.748517,
        "p(95)": 15.342824899999998,
        "p(99)": 28.43104554999996
      }
    },
    "http_req_duration": {
      "type": "trend",
      "contains": "time",
      "values": {
        "max": 850.800193,
        "p(90)": 12.852364900000001,
        "p(95)": 15.479005749999997,
        "p(99)": 28.886857219999982,
        "avg": 8.140947423917053,
        "min": 0.224155,
        "med": 7.141904
      }
    },
    "data_sent": {
      "values": {
        "count": 3351997279,
        "rate": 3916396.111774302
      },
      "type": "counter",
      "contains": "data"
    },
    "http_req_receiving": {
      "type": "trend",
      "contains": "time",
      "values": {
        "avg": 0.05468101953568233,
        "min": 0.004922,
        "med": 0.022403,
        "max": 743.299127,
        "p(90)": 0.040664,
        "p(95)": 0.056679,
        "p(99)": 0.35247615999999643
      }
    },
    "http_req_failed": {
      "type": "rate",
      "contains": "default",
      "values": {
        "rate": 3.587096067574194e-7,
        "passes": 6,
        "fails": 16726616
      },
      "thresholds": {
        "rate<0.01": {
          "ok": true
        }
      }
    },
    "register_failed": {
      "type": "rate",
      "contains": "default",
      "values": {
        "rate": 0.970107532770215,
        "passes": 16226622,
        "fails": 500000
      },
      "thresholds": {
        "rate<0.01": {
          "ok": false
        }
      }
    },
    "data_received": {
      "type": "counter",
      "contains": "data",
      "values": {
        "count": 2074278113,
        "rate": 2423538.5832160567
      }
    },
    "iterations": {
      "type": "counter",
      "contains": "default",
      "values": {
        "count": 16726622,
        "rate": 19542.998371246144
      }
    },
    "http_req_tls_handshaking": {
      "type": "trend",
      "contains": "time",
      "values": {
        "p(99)": 0,
        "avg": 0,
        "min": 0,
        "med": 0,
        "max": 0,
        "p(90)": 0,
        "p(95)": 0
      }
    },
    "vus": {
      "type": "gauge",
      "contains": "default",
      "values": {
        "value": 1,
        "min": 1,
        "max": 200
      }
    },
    "vus_max": {
      "type": "gauge",
      "contains": "default",
      "values": {
        "value": 200,
        "min": 200,
        "max": 200
      }
    },
    "http_req_duration{status:200}": {
      "type": "trend",
      "contains": "time",
      "values": {
        "p(90)": 12.8523555,
        "p(95)": 15.47899925,
        "p(99)": 28.88670959999998,
        "avg": 8.140943317596541,
        "min": 0.224155,
        "med": 7.1419035,
        "max": 850.800193
      },
      "thresholds": {
        "p(95)<300": {
          "ok": true
        },
        "p(99)<800": {
          "ok": true
        }
      }
    },
    "register_duration": {
      "type": "trend",
      "contains": "default",
      "values": {
        "p(99)": 28.886857219999982,
        "avg": 8.140947423917053,
        "min": 0.224155,
        "med": 7.141904,
        "max": 850.800193,
        "p(90)": 12.852364900000001,
        "p(95)": 15.479005749999997
      }
    },
    "status_count": {
      "type": "counter",
      "contains": "default",
      "values": {
        "count": 16726622,
        "rate": 19542.998371246144
      }
    },
    "http_reqs": {
      "type": "counter",
      "contains": "default",
      "values": {
        "count": 16726622,
        "rate": 19542.998371246144
      }
    },
    "http_req_duration{expected_response:true}": {
      "values": {
        "p(99)": 28.88670959999998,
        "avg": 8.140943317596541,
        "min": 0.224155,
        "med": 7.1419035,
        "max": 850.800193,
        "p(90)": 12.8523555,
        "p(95)": 15.47899925
      },
      "type": "trend",
      "contains": "time"
    },
    "checks": {
      "type": "rate",
      "contains": "default",
      "values": {
        "rate": 0.5149460542600891,
        "passes": 17226616,
        "fails": 16226628
      }
    },
    "http_req_blocked": {
      "type": "trend",
      "contains": "time",
      "values": {
        "min": 0.000533,
        "med": 0.002796,
        "max": 912.66266,
        "p(90)": 0.004356,
        "p(95)": 0.005184,
        "p(99)": 0.122958,
        "avg": 0.012802728615435308
      }
    }
  }
}